{
  "meetups": [
    {
      "id": 1,
      "title": "Saunter Strech",
      "location": "bangalore",
      "date": "2022-03-25",
      "time": "23:59",
      "theme": "technology",
      "description": "Random Event",
      "image": "https://images.unsplash.com/photo",
      "status": "unsubscribe"
    },
    {
      "title": "",
      "location": "bangalore",
      "date": "22-2-2",
      "time": "2:30",
      "theme": "food",
      "description": "hh",
      "image": "dd",
      "id": 2,
      "status": "unsubscribe"
    },
    {
      "title": "",
      "location": "bangalore",
      "date": "22-2-2",
      "time": "2:30",
      "theme": "food",
      "description": "hh",
      "image": "dd",
      "id": 3
    },
    {
      "title": "icdincidn",
      "location": "bangalore",
      "date": "22-2-2",
      "time": "2:30",
      "theme": "food",
      "description": "hh",
      "image": "dd",
      "id": 4
    },
    {
      "title": "dcbdvudj",
      "location": "",
      "date": "",
      "time": "",
      "theme": "",
      "description": "",
      "image": "",
      "id": 5
    }
  ]
}